The Legal Te			1
Self-defense			1
The Act defi			1
Q4: How will			1
Introducing			1
Toxic Free K			1
Vermont law			1
Vietnam's Fo			1
In the Unite			1
Name of Russ			1
Outside the			1
Mr. Russel s			1
Propylene Gl			1
Note that pr			1
un·com·pro·m			1
But when enr			1
The National			1
Manila worri			1
Essential he			1
The Philippi			1
You can find			1
Superintende			1
Nancy Remsen			1
We tend to s			1
Industrial-g			1
Food Industr			1
To me, the f			1
Russia is bu			1
If you, or s			1
We are going			1
“The people			1
"Masked men	"			1
... the Phil			1
What if I ca			1
MAIN SPONSOR			1
4 days ago .			1
It also sets			1
So we agree			1
not willing			1
Foreign Affa			1
Last Updated			1
For related			1
"And these s	"			1
This Article			1
A group of f			1
Ronnie Cummi			1
We would lik			1
The summer c			1
Vermont's GM			1
Title: Rossi			1
Russia is pl			1
Rui Patricio			1
Important no			1
"Then we mus	"			1
But critics			1
the way. The			1
WSJ India ·			1
Servidor Vir			1
Issue: You w			1
... end of e			1
California l			1
According to			1
The Attorney			1
“On the one			1
The right of			1
As the work			1
UN recognize			1
? Medicare g			1
This is the			1
Mr X has a g			1
Foods sold i			1
Learn whethe			1
"There is no	"			1
Every person			1
Ask the Expe			1
self–de·fens			1
What benefit			1
SkyTeam Elit			1
Rossiya —n.			1
Any viewer c			1
Will all sta			1
Learn if you			1
If you do no			1
CheapTubes.c			1
Very Fast Ve			1
A payment ho			1
Summary BURL			1
FAQ's Health			1
Persons who			1
WSJ X - Invi			1
Rossiya or R			1
The Russian			1
A nearly suc			1
Medicare eli			1
Who is Eligi			1
Welcome to t			1
RT is the fi			1
Large Group			1
Although Ukr			1
R.A.D. ADVAN			1
Welcome to B			1
an Essential			1
1 forward, y			1
For Russian			1
Answer: An e			1
If you are i			1
Texas is uti			1
“Yanukovych			1
Essential Be			1
The school w			1
The South Ch			1
Q: What is W			1
Manufacturer			1
Russia''s Ne			1
None of the			1
If my employ			1
Definition o			1
As a note: I			1
Attorney Gen			1
What is an E			1
In the movie			1
Our Scientif			1
Vermont sign			1
Can administ			1
Eisler's Enc			1
“It's a time			1
When will re			1
Titan Elite			1
John C. Scot			1
1993 yılında			1
Last month,			1
The Affordab			1
It seems fit			1
1 day ago ..			1
“Where can I			1
Where Can I			1
Plane Finder			1
Under Sectio			1
Becoming Cle			1
His proposal			1
Posted by: C			1
If you are e			1
2 days ago .			1
Ukraine Laun			1
Russia's new			1
The state Le			1
The Grocery			1
Rossiya-24,			1
... vehicles			1
He was uncom			1
The exchange			1
Six Easy Ste			1
The report a			1
Schilling sa			1
“Measures ar			1
“The Right o			1
Vermont gov			1
Writers on t			1
But many in			1
An Internet			1
McLaughlin &			1
12 The [unco			1
... a plausi			1
Relations ha			1
The statemen			1
Exchange Stu			1
uncompromisi			1
THE ASSOCIAT			1
But it was u			1
Lawsuit Chal			1
increases in			1
“Provocateur			1
... plants i			1
The entire p			1
The events c			1
Summary Hund			1
HPFS® Fused			1
6 days ago .			1
the act of d			1
And if Ameri			1
The Lack of			1
Healthy peop			1
We Agree: Cr			1
... right to			1
5 days ago .			1
The governme			1
Summary MONT			1
Am I require			1
By Associate			1
“We're havin			1
“The Vermont			1
Separately,			1
Bowe Bergdah			1
Through incr			1
China Demand			1
Two Russian			1
on each requ			1
Here are res			1
The suit was			1
The PAK-FA,			1
If I apply a			1
“On the othe			1
“It would be			1
En Español.			1
3 Both count			1
in the emplo			1
The Vermont			1
Reporter Igo			1
Justin Chadw			1
Posts about			1
Russia Claim			1
Dozens of ar			1
not admittin			1
Personal Def			1
Challengers			1
In the past			1
Starting on			1
Rossiya Airl			1
several reas			1
How will the			1
Vermont is o			1
So we agree,			1
The right to			1
Of the jets			1
Since the fo			1
42 CFR 447.9			1
Bitch train			1
“We agree, w			1
"Chorus: ""We"			1
"Vermont's m	"			1
How can I he			1
Employees an			1
There are lo			1
MONTPELIER,			1
A Very Dange			1
Plans of Cor			1
The existenc			1
This website			1
Ukraine's Pr			1
"Every U.S.	"			1
Rossiya, Ros			1
As states pr			1
Posted by: R			1
... Communit			1
Using an exc			1
Peter Shumli			1
Jul 17, 2008	2008.07.17	2008.07.17	1
Jan 15, 2009	2009.01.15	2009.01.15	1
Feb 13, 2009	2009.02.13	2009.02.13	1
Feb 27, 2009	2009.02.27	2009.02.27	1
2010-01-29T14:09-05:00	2010.01.29	2010.01.29	1
Jan 29, 2010	2010.01.29	2010.01.29	1
Dec 6, 2010	2010.12.06	2010.12.06	1
Feb 8, 2011	2011.02.08	2011.02.08	1
2011-02-17T14:12:51+00:00	2011.02.17	2011.02.17	1
Feb 17, 2011	2011.02.17	2011.02.17	1
Mar 25, 2011	2011.03.25	2011.03.25	1
Mar 30, 2011	2011.03.30	2011.03.30	1
Apr 25, 2011	2011.04.25	2011.04.25	1
Jun 8, 2011	2011.06.08	2011.06.08	1
Jun 21, 2011	2011.06.21	2011.06.21	1
Jul 12, 2011	2011.07.12	2011.07.12	1
Oct 4, 2011	2011.10.04	2011.10.04	1
Apr 10, 2012	2012.04.10	2012.04.10	1
Apr 11, 2012	2012.04.11	2012.04.11	1
May 1, 2012	2012.05.01	2012.05.01	1
May 31, 2012	2012.05.31	2012.05.31	1
Sep 7, 2012	2012.09.07	2012.09.07	1
Nov 1, 2012	2012.11.01	2012.11.01	1
Nov 30, 2012	2012.11.30	2012.11.30	1
Jan 14, 2013	2013.01.14	2013.01.14	1
Jan 28, 2013	2013.01.28	2013.01.28	1
Jan 29, 2013	2013.01.29	2013.01.29	1
Apr 10, 2013	2013.04.10	2013.04.10	1
Apr 22, 2013	2013.04.22	2013.04.22	1
May 10, 2013	2013.05.10	2013.05.10	1
May 13, 2013	2013.05.13	2013.05.13	1
May 28, 2013	2013.05.28	2013.05.28	1
Jun 2, 2013	2013.06.02	2013.06.02	1
Jun 14, 2013	2013.06.14	2013.06.14	1
2013-06-14T23:18:00+00:00	2013.06.14	2013.06.14	1
Jun 28, 2013	2013.06.28	2013.06.28	1
2013-06-28	2013.06.28	2013.06.28	1
The T-50 wil	2013.07.03		0
Jul 20, 2013	2013.07.20	2013.07.20	1
Aug 21, 2013	2013.08.21	2013.08.21	1
Sep 13, 2013	2013.09.13	2013.09.13	1
Sep 14, 2013	2013.09.14	2013.09.14	1
Sep 15, 2013	2013.09.15	2013.09.15	1
Sep 16, 2013	2013.09.16	2013.09.16	1
Sep 17, 2013	2013.09.17	2013.09.17	1
Sep 18, 2013	2013.09.18	2013.09.18	1
Sep 20, 2013	2013.09.20	2013.09.20	1
Sep 23, 2013	2013.09.23	2013.09.23	1
Sep 24, 2013	2013.09.24	2013.09.24	1
Sep 25, 2013	2013.09.25	2013.09.25	1
2013-09-27T16:45:16+00:00	2013.09.27	2013.09.27	1
Sep 27, 2013	2013.09.27	2013.09.27	1
Sep 29, 2013	2013.09.29	2013.09.29	1
2013-09-30T07:00-04:00	2013.09.30	2013.09.30	1
Sep 30, 2013	2013.09.30	2013.09.30	1
2013-10-03T13:14:33+00:00	2013.10.03	2013.10.03	1
Oct 3, 2013	2013.10.03	2013.10.03	1
Oct 7, 2013	2013.10.07	2013.10.07	1
Oct 11, 2013	2013.10.11	2013.10.11	1
2013-10-11	2013.10.11	2013.10.11	1
2013-10-11T18:00:27+00:00	2013.10.11	2013.10.11	1
Oct 14, 2013	2013.10.14	2013.10.14	1
2013-10-18	2013.10.18	2013.10.18	1
2013-10-18T11:55:28	2013.10.18	2013.10.18	1
Oct 18, 2013	2013.10.18	2013.10.18	1
Oct 23, 2013	2013.10.23	2013.10.23	1
Oct 30, 2013	2013.10.30	2013.10.30	1
2013-11-04T07:00:00-04:00	2013.11.04	2013.11.04	1
2013-11-05T10:47:52-04:00	2013.11.05	2013.11.05	1
Nov 16, 2013	2013.11.16	2013.11.16	1
Dec 6, 2013	2013.12.06	2013.12.06	1
Dec 11, 2013	2013.12.11	2013.12.11	1
2013-12-12	2013.12.12	2013.12.12	1
2013-12-12T17:56:46Z	2013.12.12	2013.12.12	1
20131212194712	2013.12.12	2013.12.12	1
2013-12-12T19:50EST	2013.12.12	2013.12.12	1
December 12, 2013	2013.12.12	2013.12.12	1
Dec 12, 2013	2013.12.12	2013.12.12	1
20131212	2013.12.12	2013.12.12	1
Dec 13, 2013	2013.12.13	2013.12.13	1
2013-12-13T00:50:16Z	2013.12.13	2013.12.13	1
2013-12-13	2013.12.13	2013.12.13	1
2013-12-13T00:59:23Z	2013.12.13	2013.12.13	1
2013-12-13T08:18:04+00:00	2013.12.13	2013.12.13	1
2013-12-13T00:46:25Z	2013.12.13	2013.12.13	1
2013-12-13T14:48:46+00:00	2013.12.13	2013.12.13	1
2013-12-13T08:15:39+00:00	2013.12.13	2013.12.13	1
Dec 14, 2013	2013.12.14	2013.12.14	1
2013-12-14T00:56:47+00:00	2013.12.14	2013.12.14	1
2013-12-14T16:39:36+00:00	2013.12.14	2013.12.14	1
2013-12-14T01:05:41+00:00	2013.12.14	2013.12.14	1
2013-12-15	2013.12.15	2013.12.15	1
20131216030001	2013.12.16	2013.12.16	1
2013-12-17T17:38:45+00:00	2013.12.17	2013.12.17	1
Dec 18, 2013	2013.12.18	2013.12.18	1
Dec 19, 2013	2013.12.19	2013.12.19	1
2013-12-19T22:16:41+00:00	2013.12.19	2013.12.19	1
Dec 20, 2013	2013.12.20	2013.12.20	1
Dec 30, 2013	2013.12.30	2013.12.30	1
Dec 31, 2013	2013.12.31	2013.12.31	1
Jan 1, 2014	2014.01.01	2014.01.01	1
Jan 2, 2014	2014.01.02	2014.01.02	1
Jan 15, 2014	2014.01.15	2014.01.15	1
Jan 16, 2014	2014.01.16	2014.01.16	1
Jan 23, 2014	2014.01.23	2014.01.23	1
Jan 28, 2014	2014.01.28	2014.01.28	1
Feb 1, 2014	2014.02.01	2014.02.01	1
Feb 7, 2014	2014.02.07	2014.02.07	1
Feb 11, 2014	2014.02.11	2014.02.11	1
Feb 13, 2014	2014.02.13	2014.02.13	1
Feb 18, 2014	2014.02.18	2014.02.18	1
Feb 19, 2014	2014.02.19	2014.02.19	1
Feb 21, 2014	2014.02.21	2014.02.21	1
2014-02-21T06:13:17+00:00	2014.02.21	2014.02.21	1
Feb 22, 2014	2014.02.22	2014.02.22	1
2014-02-23T00:08:52+00:00	2014.02.23	2014.02.23	1
Feb 23, 2014	2014.02.23	2014.02.23	1
2014-02-24T19:01:32+00:00	2014.02.24	2014.02.24	1
Feb. 24, 2014	2014.02.24	2014.02.24	1
2014-02-24T16:22:00+0400	2014.02.24	2014.02.24	1
2014-02-24	2014.02.24	2014.02.24	1
Feb 24, 2014	2014.02.24	2014.02.24	1
20140224	2014.02.24	2014.02.24	1
20140224084935	2014.02.24	2014.02.24	1
2014-02-24T16:55:00+0400	2014.02.24	2014.02.24	1
2014-02-25T20:51:45+00:00	2014.02.25	2014.02.25	1
2014-02-25T00:35:26+00:00	2014.02.25	2014.02.25	1
Feb 25, 2014	2014.02.25	2014.02.25	1
2014-02-26T23:12:23+00:00	2014.02.26	2014.02.26	1
Feb 26, 2014	2014.02.26	2014.02.26	1
20140226093819	2014.02.26	2014.02.26	1
2014-02-26T09:51:47Z	2014.02.26	2014.02.26	1
Feb. 26, 2014	2014.02.26	2014.02.26	1
2014-02-26T16:59:41+00:00	2014.02.26	2014.02.26	1
2014-02-26T13:29EST	2014.02.26	2014.02.26	1
2014-02-26	2014.02.26	2014.02.26	1
20140226	2014.02.26	2014.02.26	1
2014-02-26T23:07:20+00:00	2014.02.26	2014.02.26	1
2014-02-27T10:19:29+00:00	2014.02.27	2014.02.27	1
20140227063140	2014.02.27	2014.02.27	1
2014-02-27T06:53:52+00:00	2014.02.27	2014.02.27	1
2014-02-27T01:14:47Z	2014.02.27	2014.02.27	1
2014-02-27T22:07:45+00:00	2014.02.27	2014.02.27	1
Feb 27, 2014	2014.02.27	2014.02.27	1
Feb. 27, 2014	2014.02.27	2014.02.27	1
20140227072227	2014.02.27	2014.02.27	1
2014-02-27T14:06:01+00:00	2014.02.27	2014.02.27	1
2014-02-27T15:29:39+00:00	2014.02.27	2014.02.27	1
2014-02-27T13:13:38+00:00	2014.02.27	2014.02.27	1
2014-02-27T15:14:26Z	2014.02.27	2014.02.27	1
2014-02-27T13:44:54+00:00	2014.02.27	2014.02.27	1
2014-02-27	2014.02.27	2014.02.27	1
2014-02-27T13:52:52+00:00	2014.02.27	2014.02.27	1
2014-02-27T15:05:33+00:00	2014.02.27	2014.02.27	1
2014-02-27T10:23:29+00:00	2014.02.27	2014.02.27	1
2014-02-27T13:01:53+00:00	2014.02.27	2014.02.27	1
20140227032747	2014.02.27	2014.02.27	1
2014-02-27T14:54:22+00:00	2014.02.27	2014.02.27	1
20140227	2014.02.27	2014.02.27	1
20140227085307	2014.02.27	2014.02.27	1
2014-02-27T11:42:01-05:00	2014.02.27	2014.02.27	1
2014-02-28T05:28:40+00:00	2014.02.28	2014.02.28	1
20140228111508	2014.02.28	2014.02.28	1
2014-02-28T12:04:26Z	2014.02.28	2014.02.28	1
Feb 28, 2014	2014.02.28	2014.02.28	1
20140228152244	2014.02.28	2014.02.28	1
2014-02-28	2014.02.28	2014.02.28	1
2014-02-28T22:30:52+00:00	2014.02.28	2014.02.28	1
20140228130515	2014.02.28	2014.02.28	1
20140228074522	2014.02.28	2014.02.28	1
Mar 1, 2014	2014.03.01	2014.03.01	1
2014-03-01T22:57:49+00:00	2014.03.01	2014.03.01	1
2014-03-02T00:43:57+00:00	2014.03.02	2014.03.02	1
2014-03-02T10:46:00+0400	2014.03.02	2014.03.02	1
Mar 2, 2014	2014.03.02	2014.03.02	1
Mar 3, 2014	2014.03.03	2014.03.03	1
2014-03-04T15:00:06+00:00	2014.03.04	2014.03.04	1
Mar 4, 2014	2014.03.04	2014.03.04	1
Mar 5, 2014	2014.03.05	2014.03.05	1
Mar 6, 2014	2014.03.06	2014.03.06	1
2014-03-07	2014.03.07	2014.03.07	1
Mar 7, 2014	2014.03.07	2014.03.07	1
20140307120004	2014.03.07	2014.03.07	1
Mar 9, 2014	2014.03.09	2014.03.09	1
2014-03-09T00:23:17+00:00	2014.03.09	2014.03.09	1
Mar 10, 2014	2014.03.10	2014.03.10	1
Mar 11, 2014	2014.03.11	2014.03.11	1
Mar 14, 2014	2014.03.14	2014.03.14	1
Mar 15, 2014	2014.03.15	2014.03.15	1
Mar 20, 2014	2014.03.20	2014.03.20	1
Snapshot, March 20, 2014	2014.03.20	2014.03.20	1
Mar 23, 2014	2014.03.23	2014.03.23	1
Mar 26, 2014	2014.03.26	2014.03.26	1
Mar 28, 2014	2014.03.28	2014.03.28	1
Mar 30, 2014	2014.03.30	2014.03.30	1
Mar 31, 2014	2014.03.31	2014.03.31	1
2014-04-01	2014.04.01	2014.04.01	1
Apr 1, 2014	2014.04.01	2014.04.01	1
Apr 2, 2014	2014.04.02	2014.04.02	1
Apr 3, 2014	2014.04.03	2014.04.03	1
2014-04-03T12:53:02+00:00	2014.04.03	2014.04.03	1
Apr 4, 2014	2014.04.04	2014.04.04	1
2014-04-04T14:34:00+0400	2014.04.04	2014.04.04	1
Apr 8, 2014	2014.04.08	2014.04.08	1
20140409151815	2014.04.09	2014.04.09	1
2014-04-09	2014.04.09	2014.04.09	1
2014-04-10T14:17:47+00:00	2014.04.10	2014.04.10	1
Apr 10, 2014	2014.04.10	2014.04.10	1
2014-04-10T15:56:21+00:00	2014.04.10	2014.04.10	1
Apr 12, 2014	2014.04.12	2014.04.12	1
Apr 13, 2014	2014.04.13	2014.04.13	1
Apr 14, 2014	2014.04.14	2014.04.14	1
Apr 15, 2014	2014.04.15	2014.04.15	1
Apr 16, 2014	2014.04.16	2014.04.16	1
Apr 17, 2014	2014.04.17	2014.04.17	1
Apr 18, 2014	2014.04.18	2014.04.18	1
2014-04-19T13:26:25Z	2014.04.19	2014.04.19	1
Apr 19, 2014	2014.04.19	2014.04.19	1
2014-04-20	2014.04.20	2014.04.20	1
2014-04-20T12:58:29Z	2014.04.20	2014.04.20	1
Apr 20, 2014	2014.04.20	2014.04.20	1
Apr 21, 2014	2014.04.21	2014.04.21	1
2014-04-22T17:45:17-04:00	2014.04.22	2014.04.22	1
Apr 22, 2014	2014.04.22	2014.04.22	1
2014-04-22	2014.04.22	2014.04.22	1
Apr 25, 2014	2014.04.25	2014.04.25	1
Apr 27, 2014	2014.04.27	2014.04.27	1
2014-04-27T21:10:45+00:00	2014.04.27	2014.04.27	1
Apr 28, 2014	2014.04.28	2014.04.28	1
Apr 30, 2014	2014.04.30	2014.04.30	1
2014-04-30	2014.04.30	2014.04.30	1
May 3, 2014	2014.05.03	2014.05.03	1
May 4, 2014	2014.05.04	2014.05.04	1
May 8, 2014	2014.05.08	2014.05.08	1
2014-05-08T16:14:47.2970000	2014.05.08	2014.05.08	1
2014-05-08T22:27:46.3770000	2014.05.08	2014.05.08	1
2014-05-08T22:23:05Z	2014.05.08	2014.05.08	1
2014-05-09T16:31:44+00:00	2014.05.09	2014.05.09	1
May 9, 2014	2014.05.09	2014.05.09	1
2014-05-09T08:05:42+00:00	2014.05.09	2014.05.09	1
2014-05-09T01:17:29Z	2014.05.09	2014.05.09	1
May 10, 2014	2014.05.10	2014.05.10	1
May 11, 2014	2014.05.11	2014.05.11	1
2014-05-11T00:07:56+00:00	2014.05.11	2014.05.11	1
May 12, 2014	2014.05.12	2014.05.12	1
2014-05-12T07:21:57+00:00	2014.05.12	2014.05.12	1
2014-05-12T10:35:08+00:00	2014.05.12	2014.05.12	1
May 13, 2014	2014.05.13	2014.05.13	1
2014-05-14T12:24:17+00:00	2014.05.14	2014.05.14	1
2014-05-15T19:08:20+00:00	2014.05.15	2014.05.15	1
May 16, 2014	2014.05.16	2014.05.16	1
May 17, 2014	2014.05.17	2014.05.17	1
May 19, 2014	2014.05.19	2014.05.19	1
May 20, 2014	2014.05.20	2014.05.20	1
May 21, 2014	2014.05.21	2014.05.21	1
2014-05-23T13:51:21+00:00	2014.05.23	2014.05.23	1
2014-05-27T16:32:50+00:00	2014.05.27	2014.05.27	1
May 27, 2014	2014.05.27	2014.05.27	1
20140529	2014.05.29	2014.05.29	1
20140529044848	2014.05.29	2014.05.29	1
May 29, 2014	2014.05.29	2014.05.29	1
2014-05-29	2014.05.29	2014.05.29	1
2014-05-30	2014.05.30	2014.05.30	1
20140530151707	2014.05.30	2014.05.30	1
June 2014 ..	2014.06.01	2014.06.01	1
2014-06-02T04:00:00-04:00	2014.06.02	2014.06.02	1
Jun 2, 2014	2014.06.02	2014.06.02	1
2014-06-02T23:55:00+00:00	2014.06.02	2014.06.02	1
2014-06-03T13:21:05+00:00	2014.06.03	2014.06.03	1
2014-06-03T09:00:00+00:00	2014.06.03	2014.06.03	1
Jun 3, 2014	2014.06.03	2014.06.03	1
2014-06-04T14:42:45+00:00	2014.06.04	2014.06.04	1
Jun 4, 2014	2014.06.04	2014.06.04	1
2014-06-06T11:53:39+00:00	2014.06.06	2014.06.06	1
Jun 6, 2014	2014.06.06	2014.06.06	1
Jun 10, 2014	2014.06.10	2014.06.10	1
2014-06-11T11:15:47+05:30	2014.06.11	2014.06.11	1
2014-06-11T11:12:22+05:30	2014.06.11	2014.06.11	1
2014-06-12T20:58:17.1800000	2014.06.12	2014.06.12	1
Selecting th	2014.06.12		0
T.I.V.D - Th	2014.06.12		0
2014-06-12T20:57:47.2600000	2014.06.12	2014.06.12	1
06/12/2014 09:16 PM	2014.06.12	2014.06.12	1
06/12/2014 05:09 PM	2014.06.12	2014.06.12	1
2014-06-12T16:54:41.0000000	2014.06.12	2014.06.12	1
2014-06-13T17:47:09+00:00	2014.06.13	2014.06.13	1
2014-06-13T07:20-04:00	2014.06.13	2014.06.13	1
2014-06-13T11:17:17+00:00	2014.06.13	2014.06.13	1
2014-06-13T15:44:25+00:00	2014.06.13	2014.06.13	1
2014-06-13T21:49:01+00:00	2014.06.13	2014.06.13	1
2014-06-13T23:36:55+00:00	2014.06.13	2014.06.13	1
2014-06-13T16:07:40+01:00	2014.06.13	2014.06.13	1
2014-06-13	2014.06.13	2014.06.13	1
2014-06-13T07:00:47.9100000	2014.06.13	2014.06.13	1
2014-06-13T21:41:52+01:00	2014.06.13	2014.06.13	1
2014-06-13T07:53:58+00:00	2014.06.13	2014.06.13	1
2014-06-13T11:07EDT	2014.06.13	2014.06.13	1
2014-06-13T05:00:43+00:00	2014.06.13	2014.06.13	1
2014-06-15T06:56:54.8630000	2014.06.15	2014.06.15	1
2014-06-15T16:23:02+00:00	2014.06.15	2014.06.15	1
2014-06-15T00:00:00.0000000	2014.06.15	2014.06.15	1
2014-06-16T23:25:00.000Z	2014.06.16	2014.06.16	1
2014-06-16T17:49:24+00:00	2014.06.16	2014.06.16	1
2014-06-16T16:31:00.000Z	2014.06.16	2014.06.16	1
2014-06-16T14:00:51+00:00	2014.06.16	2014.06.16	1
2014-06-16T12:32:00.000Z	2014.06.16	2014.06.16	1
19 hours ago	2014.06.17	???	0
2014-06-17T15:44:03+00:00	2014.06.17	2014.06.17	1
9 hours ago	2014.06.17	???	0
6 hours ago	2014.06.17	???	0
2014-06-17T17:57:00+0400	2014.06.17	2014.06.17	1
14 hours ago	2014.06.17	???	0
2014-06-17	2014.06.17	2014.06.17	1
3 hours ago	2014.06.17	???	0
23 hours ago	2014.06.17	???	0
11 hours ago	2014.06.17	???	0
5 hours ago	2014.06.17	???	0
10 hours ago	2014.06.17	???	0
2014-06-17T23:20:00+0400	2014.06.17	2014.06.17	1
16 hours ago	2014.06.17	???	0
7 hours ago	2014.06.17	???	0
2014-06-17 03:36:00	2014.06.18	2014.06.18	1
Thu May 08 20:39:43 PDT 2014	2014.06.18	2014.06.08	0
2014-03-4	2014.06.18	2014.03.04	0
2014年6月2日 ..	2014.06.18	???	0
1. MEDICAID	2014.06.18		0
2014-06-16 05:39:00	2014.06.18	2014.06.16	0
Thu May 08 20:36:15 PDT 2014	2014.06.18	2014.06.08	0
2014/02/27 14:23:28	2014.06.18	2014.02.27	0
Paul Teodo.	2014.06.18		0
2014/04/27 21:23:35	2014.06.18	2014.04.27	0
“Act 120 imp	2014.06.18		0
2014年2月28日 .	2014.06.18	???	0
2014/04/15 23:41:55	2014.06.18	2014.04.15	0
2014-06-16 11:47:00	2014.06.18	2014.06.16	0
Big Food Dec	2014.12.01		0
She may file	2015.05.01		0
Updated: Jun	2015.06.01	???	0
Updated June	2015.06.01	???	0
